Window (hours),Window (days),Best Val Loss
48,2,0.023218629972600355
72,3,0.023784438125145288
168,7,0.023743300558999182
336,14,0.026367336523707038
