Rank,d_model,nhead,num_layers,dropout,lr,best_val_loss
1,64,8,2,0.1,0.001,0.02405772372148931
2,64,4,2,0.1,0.001,0.02414251157315448
3,64,4,3,0.1,0.001,0.024228593264706434
4,128,4,2,0.1,0.0005,0.024880014755763114
5,128,8,2,0.1,0.001,0.025832461297977716
6,128,4,2,0.1,0.001,0.026552317128516734
7,128,8,3,0.1,0.001,0.027812394802458583
8,64,4,2,0.2,0.001,0.029648896562866865
